0010da7f80b22a06e365740db7627afe.jpg,0,1,0
002e347b6f834103279856542a80c793.jpg,1,0,0
0040ca5460b6936e35aa57edd28e2490.jpg,1,0,0
0063e32419c1d12475509648670ceabb.jpg,0,1,0
006a13577f34ad18050a39d5267e67d8.jpg,1,0,0
006bbe4ddf571dfd753bbc8eadde169c.jpg,0,1,0
006ecddcd8d6dd3c180c310f768313d7.jpg,0,0,1
007985a1185046742a49fccfb6a17978.jpg,1,0,0
007ebe1beec57b4f78bf6848f4c17c06.jpg,0,1,0
008a5020c87c51948477119b26dd2aba.jpg,1,0,0
008e4d67bf5793ff82f9e37f9a62005e.jpg,0,0,0
00924c4609bc9c7a70d5163256639639.jpg,1,0,0
009362c957681f69a54d231f10588ebf.jpg,0,0,1
0096967cf9f1f2572f883ebaf1e44afa.jpg,1,0,0
009ceb2a14838aaa3c5a0161bd3903b1.jpg,1,0,0
00a13e4be5a8f64b709dce0987c89778.jpg,1,0,0
00a1504e51a72b22beee745dcb70a726.jpg,1,0,0
00b2ed5ac8f368798f29b995d3428d94.jpg,0,0,1
00b332a7ab1720119a428480b99c80bc.jpg,0,0,0
00b61218000b357f6c02296a0f758df9.jpg,1,0,0
00be46d4b9085cdd982ea5dbc0b57bc4.jpg,0,1,0
00c01d1caaa11300e65355c214b4429d.jpg,0,1,0
00c8eb32472b5b4b091ffd8a9f67fe6c.jpg,1,0,0
00cafb7755570264dedfb3c3ad1957e3.jpg,1,0,0
00d6f4d4945f61d7b7d49c574ad2a31b.jpg,0,1,0
00d720467deb41cc3cc9a211b635ba34.jpg,1,0,0
00d8079ab848541d7553566a4e156883.jpg,1,0,0
00dd2273dfe07d4a8e0a48fecf44f3e4.jpg,1,0,0
00e1a75fe22f4a8e2ce2aed0a9d7f359.jpg,1,0,0
00f2035a777b2bd0ce33d49a035db561.jpg,1,0,0
00f2ccace48f6e6c0d9a06d5ecdea9e0.jpg,0,0,1
010065a18e53bb7ca673db501c6d495f.jpg,1,0,0
011446fb864fb724b2a1f387a2e78f39.jpg,1,0,0
0123b3368f5d82f71a54f84f1dd7eee0.jpg,0,0,1
0126f8d3ac53b7eccb4e5c605088e1b8.jpg,0,1,0
012e395f22081b81f2e8a097654526d9.jpg,1,0,0
013729087179298259e81784cde9f938.jpg,1,0,0
013e18873856f1d2dbc25091ef39329b.jpg,0,0,1
014ada02b91e8f139fc42f888314568e.jpg,0,1,0
0151b6e76380f11c630f73d9afac0b4e.jpg,1,0,0
0153ebd30d387ff7f2a1bba1b96b202d.jpg,1,0,0
0160433510eb6f52fde6eb99d7f081a7.jpg,1,0,0
0178f634afe8aed5ad29e6ce1831c474.jpg,0,1,0
017b01e2aa1d56863490ab69b4e9c46a.jpg,0,1,0
0184542027d202fe32ee43a062ec04cb.jpg,1,0,0
018adfda2167b93babcc7b2472cdd7ec.jpg,0,1,0
018ccc2cb22b27c41fd033051d2fa909.jpg,1,0,0
019239ec390e66e91fcd6860dabf8e48.jpg,0,1,0
019619fd93756bfa2dc7ab12de887abf.jpg,0,1,0
019881dd4e947a27ce58fed7ad55ab51.jpg,1,0,0
01b06134cff7e0ecc51bb1890de8dfda.jpg,1,0,0
01b270e5f2914171e43b41059cc4c7cf.jpg,1,0,0
01b4796a864c6ec915ef946a3b9456dc.jpg,0,0,1
01b94c650d1811a5fbd57b906c42e4a3.jpg,0,1,0
01bfd8d3bcc0efda6509dad4be0136d5.jpg,0,0,1
01c4d7edf4b6e6d134b681cdf2dee7ad.jpg,0,1,0
01cd07b8d862e1cb1c1fc31eca05620c.jpg,1,0,0
01d59eb1a04d53618aca9c7ab1a0ec84.jpg,1,0,0
01d82be9f6d29b68d54822a551b0978d.jpg,0,0,1
01df3cf945ea8eec51c156bf90b186b3.jpg,0,1,0
01e6f5066d4fa6008ed9a36cf875a8a1.jpg,1,0,0
01ebfe53678c06420f072c9259c36e37.jpg,1,0,0
01ec4427b0baac56a169ec91d9e87f53.jpg,1,0,0
01ee560b6a15989771cc85405ca679eb.jpg,1,0,0
01ef7a79aeb2f7f40c91e273f0a83057.jpg,0,0,1
01f14abeae0ccd78a13be86ced8e0e31.jpg,0,0,1
01f14abeae0ccd78a13be86ced8e0e31-remove3_03.jpg,0,0,1
01fcc9ef258d4e60f9f9645fecf82866.jpg,0,1,0
0204bb448437fa60bcc7f4e90525a1f2.jpg,1,0,0
02084a804e30bb63be57edb34318f9fe.jpg,0,0,1
0208df98ff15a0b48d21b07a2c9501a7.jpg,1,0,0
020c245441480b587f91ad7d4c53e1f2.jpg,1,0,0
0216176086695e01a0d9a3ee0fd5ac10.jpg,0,0,1
021ce1b3e2b8507c442e303e6a44d50e.jpg,0,0,1
021f9cd5d884195cdfef68a02d80ab4f.jpg,0,1,0
022db68e972f92da936442c45aaa1018.jpg,1,0,0
0234277d57b70cd3acc289be7f52fe33.jpg,1,0,0
0234506a4d280ff18a83326865352a8b.jpg,1,0,0
023530c318371b93e79f845509a94e9a.jpg,0,0,1
0236b2f3a3768369a103c0bea6f10979.jpg,1,0,0
023a4a109748d439e7ddcddc6c1533c9.jpg,0,1,0
023b5e87f196ff1c1c044862617ed382.jpg,0,0,1
023cb1dfb05d02ebe7ac11aefe03cfdb.jpg,1,0,0
0246c68aa16ceed274ee4bafa79ef4a3.jpg,0,0,1
02481c80ae604a1eae109a1100992bb4.jpg,1,0,0
024ad7e762d2de42b5ef01e9ea0e43c5.jpg,0,0,1
024b3296d58d5860e465ecff98cdf641.jpg,0,1,0
024c7571938aacea6d294af353ec753d.jpg,1,0,0
026d0f8704c5eb86b660767ff5d12115.jpg,0,1,0
027b9231cb10ecb117942aebb08b4475.jpg,0,1,0
02812295e84538a7368b9b523703df6b.jpg,0,1,0
028a8fec80f4b4c73b3972eefd254d3e.jpg,1,0,0
028dbd23d760df7d73fd844266387906.jpg,1,0,0
02a24530e0068cd2f44c0d56ac43604b.jpg,1,0,0
02ac832829c70b0e03ab47c7b9e7834a.jpg,0,0,1
02adbebfe963f7239c0474e909602617.jpg,0,1,0
02b88d0d9184b0e80503a5882ece335f.jpg,0,0,1
02bd711799bdaf81e59993899dc28ab1.jpg,0,0,1
02bf8a6432d1cb29e98f08a637b4f3c5.jpg,1,0,0
02c1de9070bb7fdeb4111157220018bf.jpg,0,1,0
02d44036520a1e4f5b93ff3a397cff6e.jpg,0,1,0
02d94eef6e3baa04d5d9b4f137017e3b.jpg,1,0,0
02dcbb8d2e326d20fa1658dc902f337a.jpg,1,0,0
02ddbd9c2af44d8be0f2db05147673a3.jpg,1,0,0
02e11195698e5731299ad3f0e3cf6298.jpg,1,0,0
02e8126406ee701ca79b19d73eaee027.jpg,0,1,0
02e97060b4e47f52ae7215e75ed631c6.jpg,1,0,0
02fa3bbe8a26b7345ab793bbb19f1578.jpg,0,0,1
030c3095d639251f6a330399b8791d84-sharpen05_02.jpg,1,0,0
031058c7570604c43fc1ece915ea3c19.jpg,0,0,1
031e007a2bc13f1261473302e8948c5b.jpg,0,0,1
0320f3d2003f743e25cf19e5c0a7c747.jpg,0,1,0
0326156a74aeca9b79f96376dabb4085.jpg,1,0,0
03275ac6bda17b83adedbd0fc0a22e86.jpg,1,0,0
032ab6bc5f7814790c4fa7912eae0833.jpg,1,0,0
032b4f73f1fadf3a51d8807ace8fb9a7.jpg,0,0,1
033cb543ee3f8846596fb5b0723e3c9a.jpg,1,0,0
03407e495d7b81d064409280d8bfac64.jpg,0,1,0
034b1c501b1249c728bf256098eca58b.jpg,1,0,0
034b81b0b046bbd6779d54f35299e709.jpg,1,0,0
0362c5df3b187f957f84e2b50e4e0005.jpg,1,0,0
03630ca2e22001aed32ab3d8d43eb887.jpg,0,1,0
036929f7725a747be91496bd0422e6b0.jpg,0,1,0
03699fa9046f2d608863e45436e5ecbc.jpg,0,1,0
036fa6286765b634859eb468a108e938.jpg,1,0,0
037a9633e4a3de613aea8b76a6494b63.jpg,0,1,0
03815080c6acb702c2002297faccb8d7.jpg,1,0,0
0384dbf0cf1b71fd37b3b9df9fa56e3b.jpg,1,0,0
038914b35e35c8f0fafa5536fccaa6f7.jpg,0,0,1
038ad78e77c4927f8f673e2da96ac578.jpg,1,0,0
038e35824c7d1ac45f17b94e16c53e1c.jpg,1,0,0
039d1aaca89bd41a2001632f60db9f69.jpg,0,1,0
03b2290d37261d1c1eee8342aeeccc70.jpg,1,0,0
03b4f92baba6b3c2c3b1a4cb9ce95242.jpg,0,1,0
03b7270c8631af801c8dc5f295fb75f4.jpg,1,0,0
03bb3f96148f5faaf7875d84f2b9a5ea.jpg,1,0,0
03c504103a7c859a481f52421b914dda.jpg,0,1,0
03cfcb4db4855804511fa4f8485367f8.jpg,1,0,0
03d0b026af4925b7a185fc933cafffa3.jpg,1,0,0
03d2407ce9341bd41a7ece9fb97af604.jpg,0,1,0
03d2c38ae1577bdf2ae1dd9866205a62.jpg,0,0,1
03d65ce6c0e6d6da4cc127d8a2c3275b.jpg,1,0,0
03d9a3266ef09a470a38fd91b4554db7.jpg,0,1,0
03e6d46aa15450ace097036016cc8659.jpg,1,0,0
03e70b9a342ca1f04a7430e9500dd6da.jpg,0,1,0
03f845f89e9abfaf634ea2ba3c1f7255.jpg,1,0,0
040336da0a5f0c24babf9dbd1c186972.jpg,1,0,0
0407ffcc9a6cb8859073db1a6d522bf0.jpg,1,0,0
041a87cf17030b3a31d67f329116d47c.jpg,0,1,0
041c10c1be5334c6366430be8ccf4283.jpg,1,0,0
041d8e1db2739fe59bc41c2c5b8342c7.jpg,1,0,0
04243f9712b36a11e4b53b1e88a7afa8.jpg,1,0,0
042b5b45b7c1c3f5e8573b54eb99e4a7.jpg,0,1,0
042ff74c8af84619e93c61e7ad9de770.jpg,0,1,0
0436393919d24326eff8e264c0997c59.jpg,0,0,1
043f36233088239a70c10d9ffa4bb6d5.jpg,1,0,0
044e43d05af08b3610a472f50db63fbf.jpg,1,0,0
045403faa7b121f6bec909ce0e1553fa.jpg,0,1,0
045df1708107f00846e6ee75b1e7d628.jpg,0,0,1
0466c65f15b9023c9cd610a5a6394805.jpg,1,0,0
048066942573ae87b2f3747b6c2878de_40.jpg,1,0,0
048066942573ae87b2f3747b6c2878de_44.jpg,1,0,0
048066942573ae87b2f3747b6c2878de.jpg,1,0,0
048072618d654964fd117d555289f6f2.jpg,1,0,0
0483520ae91941b8e59b961e6457ec4f.jpg,1,0,0
0485c1ce24a1ad6eddf4d1e0209aacf6.jpg,0,1,0
0485ffab83c7a0c1f422f48b91655f70_76.jpg,1,0,0
0490056387ccef23cd658665de18da20.jpg,0,1,0
0497a08783b40323d6fc3be6907a71ee.jpg,0,1,0
049a970c08322cf13f47f2a8a6b32265.jpg,1,0,0
04a5382f6043136fd0d074b43a6e6aeb.jpg,1,0,0
04a7455d7fcc7cdce0c2ea1d1d823229.jpg,1,0,0
04a8973bb3b942664683475c0efb399a.jpg,0,1,0
04aa667f098da3e2413d02ce14ccb321.jpg,1,0,0
04ad9c131376c3042c0c5b3be55a75ec.jpg,0,1,0
04b84c0b0843550e4b649fb4f04e385e.jpg,0,1,0
04bc30a1b6aed6da03abc99adf1bb4be.jpg,1,0,0
04bd1293b225d89a78677ea3494c5bcb.jpg,0,0,1
04c4fdea4576e178ab17681991da721c.jpg,0,1,0
04e694b64d1e2a1c1db62e43dfa8c596.jpg,0,1,0
04e86d6abc5954347864b73038e57570.jpg,0,1,0
04eba35b7a9ff47b39bc446d1ef316dc.jpg,0,0,1
04fb04ee6b1fb0d81c3a3d6de13728b6.jpg,0,1,0
0508c4aec18d446d24f3f3bd54c68747.jpg,0,0,1
